{
  "best_val_accuracy": 63.69747899159663,
  "test_accuracy": 67.28187919463086,
  "total_examples": 3969,
  "epochs_trained": 20
}