{
  "best_val_accuracy": 61.34453781512605,
  "test_accuracy": 63.25503355704698,
  "total_examples": 3969,
  "epochs_trained": 6
}