{
  "best_val_accuracy": 60.168067226890756,
  "test_accuracy": 60.23489932885906,
  "total_examples": 3969,
  "epochs_trained": 1
}